"","y","x1"
"1",106.086805010047,88.2151286535699
"2",106.282472581483,88.4841530658062
"3",106.623687077088,87.8768418306374
"4",105.602061915523,86.7795430337457
"5",101.096083250484,84.6224282628838
"6",100.644706559205,84.6065027668106
"7",102.363132601215,84.3614977889969
"8",101.968778092947,84.9115667633495
"9",101.690856754744,84.3672158306129
"10",103.028898400099,85.9912187998997
"11",104.720933912538,86.5618673311819
"12",104.088171799329,86.7609279412684
"13",103.290824495274,85.7347587074076
"14",102.317346208491,85.3856419066632
"15",101.396149932341,84.0233656817757
"16",100.06835429346,83.5038695773847
"17",100.608883457488,83.7952004174814
"18",102.703090530033,85.127100768507
"19",102.402060396807,84.9714778566451
"20",102.496346026906,86.4334600257557
"21",105.484500012246,88.0942400707705
"22",108.233930974275,89.1196372584513
"23",105.192931249668,89.1837088588225
"24",109.098655365192,90.1877023582356
"25",104.897251775461,88.5397239051319
"26",106.240893768246,88.6931688814935
"27",105.121197750778,88.0313018340905
"28",102.28153664785,86.6013749814495
"29",104.513367621571,87.4468978976781
"30",105.888834536311,87.7160559616202
"31",104.60096208013,87.0417697880703
"32",103.939390338009,87.0393714079508
"33",102.962995673607,86.1969903906716
"34",100.372370589053,84.3386117558742
"35",102.522137269075,85.0953321775787
"36",100.31572535668,84.764087114501
"37",100.517089421707,83.3861902749142
"38",98.0764200747871,82.6214338470751
"39",100.109438459586,83.2557975845657
"40",100.219771995042,82.9969341004189
"41",101.459704711489,84.6142527987544
"42",101.588014415263,84.4797870745297
"43",100.897826754612,86.0064500561651
"44",102.807466738161,86.4356160206613
"45",101.272957038278,85.7111053932891
"46",101.59187216129,84.1149710613476
"47",99.8909621348655,83.6124946887336
"48",100.743792459236,84.8116140883026
"49",102.621419269846,85.0363983249426
"50",102.075134194841,84.843904521154
"51",100.099734330517,83.7447368207691
"52",102.66644994676,85.5983962104799
"53",103.037517797432,84.9143623742362
"54",102.188866081498,85.8129146863038
"55",104.561763946768,86.6336057422821
"56",105.269274234784,86.9952338916835
"57",106.48389833123,88.3559767836663
"58",104.979593212097,87.7306061229117
"59",106.889408536837,89.141791216481
"60",109.019039772158,90.3827351431189
"61",109.322081404088,90.6863015393476
"62",112.358864239039,93.6915350149938
"63",112.272201364241,93.8003816510589
"64",111.334243847407,93.501577401645
"65",111.042568692745,93.7858035379558
"66",110.737437738535,92.2920564667438
"67",109.246271175127,91.1035748609673
"68",108.335248504726,90.1934135247299
"69",109.314423650769,90.3408292300702
"70",106.762666527727,89.3144820521743
"71",105.307742759001,88.8611677695814
"72",107.879521053951,88.8530324179388
"73",108.707125322916,89.9916129390142
"74",109.647133863802,90.2462260165898
"75",108.541871563034,90.9676481824825
"76",108.211638773456,89.7413887833894
"77",107.697372615931,88.718471465307
"78",107.537640463639,88.3354478378753
"79",106.971531583781,87.89771320242
"80",103.920660142072,87.6658479148129
"81",104.923388990628,88.600145442423
"82",106.142806753945,90.1096088581021
"83",106.921853800383,90.4010334976865
"84",108.006535716198,90.3698009921331
"85",110.064897353628,90.3460690657238
"86",109.105820825092,89.6912338955277
"87",108.572430941775,90.6434743583369
"88",107.989197317282,90.488528222112
"89",110.157287538453,91.2885099477757
"90",107.430911185238,89.2901681909145
"91",104.931821162204,88.6684281248559
"92",105.876406553122,89.8042325675948
"93",106.112745257927,88.9885623140904
"94",107.036651057319,89.9762491483596
"95",104.969297480386,88.2392972006125
"96",104.6422454157,87.4435555317782
"97",103.478509709629,86.9510291288465
"98",100.739328854944,85.4336410991219
"99",102.830700920013,85.6553155715715
"100",100.274318296576,85.1050257577811
"101",102.565569491488,84.5567530893021
"102",100.022439661809,84.2855223270431
"103",103.269322180238,85.4699024467792
"104",104.865087018971,87.5061876194481
"105",103.555128735993,87.2529428839794
"106",103.340310929699,87.1863170253169
"107",104.578314768674,86.9388646574813
"108",106.358386728156,87.6027523000605
"109",107.98496079615,88.5705856135102
"110",110.199203853211,92.2063763808373
"111",109.298084158433,91.4370727541063
"112",107.036003145095,88.9149088185792
"113",105.55415352181,87.7178398732821
"114",103.997154447062,87.1087061831991
"115",107.171495469175,88.5310143962058
"116",106.588517428955,89.1226557731079
"117",107.638604432716,89.3787686066734
"118",104.055298075885,88.706162663813
"119",108.203526121,90.0754369183259
"120",106.619272097585,88.8669620140323
"121",106.778857534276,88.3679775735983
"122",110.595793732347,90.9656666442743
"123",106.251021086104,90.235639311077
"124",108.441005766747,89.4109420890931
"125",106.509170819659,89.2087112589991
"126",108.266445208876,89.2723445259772
"127",108.498176083874,88.4739501100677
"128",106.571738191322,87.5506159067048
"129",104.999803892689,86.7572352344669
"130",108.077303951436,89.1008364518985
"131",106.301169015033,88.7876301027748
"132",106.572736070211,90.5087652069137
"133",111.589408584438,92.8012724582754
"134",110.323077313319,93.4352944538542
"135",112.682465928813,93.5331063539501
"136",111.838461459536,93.7751649255658
"137",114.736924218601,93.9191015278061
"138",112.339632622492,94.747909980248
"139",114.291532701469,94.7317338614874
"140",112.696638509402,95.3215512013637
"141",112.890517867302,94.0577977187869
"142",110.699383198387,92.3263897684756
"143",111.478586306175,92.5305954501356
"144",111.456797328976,93.5627645335763
"145",113.240582410744,94.2142748089217
"146",114.250668372669,93.4782523972289
"147",107.674264683169,91.2379139306071
"148",107.033987642493,89.7346896829285
"149",106.698238359208,87.8813949271761
"150",107.917753178656,89.437203852694
"151",109.667328202118,89.9698741000497
"152",108.073719776823,89.7807891237289
"153",105.358663301285,88.5817600115745
"154",105.45377277402,88.1713132863888
"155",105.546663303329,88.2698993222964
"156",105.981867430333,87.2654021134519
"157",106.238197209813,88.3228891617145
"158",104.691905558127,87.5277862475286
"159",106.011193989378,86.8715710570544
"160",103.623880942305,87.9222468395445
"161",104.558133583166,87.5960405581734
"162",102.476550871744,86.1928939691145
"163",106.080245186005,86.5135867884478
"164",102.693203067019,85.8639081889905
"165",104.12380526397,85.6194887345839
"166",101.585501136583,84.5695811828624
"167",101.721438748471,84.782356369678
"168",98.2843140733954,82.5684352525459
"169",96.150259887942,80.7199561118209
"170",98.5775918090324,82.1169291327429
"171",100.065101343441,82.7957236231863
"172",98.3418481510042,82.6849807682242
"173",98.9500105089632,82.9656255285611
"174",100.456930313096,82.6631837921787
"175",101.108293873591,84.1590591192216
"176",101.478119729818,84.1078380268799
"177",100.43750257547,83.8768266050724
"178",100.813327035557,85.0339510682468
"179",104.229522970523,86.1246951776005
"180",102.725753314179,86.0415902133087
"181",102.985119045193,86.7528601599307
"182",104.780284989458,86.6130572634077
"183",102.143988561872,87.0061610713383
"184",104.165692752611,86.3232475146454
"185",103.854823807283,86.6118319581423
"186",103.798650486079,86.0148878323374
"187",103.395566460866,85.8587310657022
"188",104.07277696569,85.4162972772788
"189",105.329102130141,87.7249092742058
"190",105.5511611954,87.8734447965189
"191",104.38927665712,87.4994779402994
"192",106.043748341975,88.7124190391397
"193",106.08400067201,88.6684498456523
"194",107.554463031337,88.9121678377885
"195",106.862431185832,88.2509399174259
"196",107.141778200607,88.2733504386055
"197",109.978386612169,90.6132439529685
"198",109.379187575745,90.6823576232953
"199",107.531389867753,89.2447358055798
"200",109.63754196419,91.4558525975908
"201",112.585944507741,93.7918021923642
"202",113.930192691148,93.3341827266293
"203",111.753384180723,92.1151363922134
"204",111.665173578281,92.2663625467294
"205",110.303123550544,91.7443649166775
"206",111.924211589964,92.0902599208222
"207",111.258937445417,92.2078592023828
"208",113.164688711225,93.7274315950868
"209",111.037106543897,93.7432958427693
"210",112.427488130956,93.5863644024473
"211",111.554431741839,94.3084622364448
"212",114.858339067446,94.9990762187774
"213",115.376900026348,94.9513490705185
"214",116.165626438871,97.7425908029915
"215",117.918399835543,96.9827813797237
"216",115.525094973834,95.9585444504663
"217",113.59928693646,94.5621169398592
"218",110.924431692255,93.2566373239702
"219",111.722686376031,92.2825350157728
"220",108.735813710902,91.6858353716114
"221",110.914179512373,91.9693092423345
"222",108.543556097476,91.7749263524785
"223",108.746011497675,92.3259672550545
"224",110.46118753557,90.7069254644396
"225",105.815338035853,88.3463514825037
"226",105.25870313697,87.495113029147
"227",104.742638292257,87.8782506156571
"228",105.768715001905,88.1694793918531
"229",104.898766138792,88.1180605526024
"230",105.820959747952,88.8838311811324
"231",107.747812790441,89.5729920460927
"232",105.704268765033,88.5456316225539
"233",103.723290452022,87.4710255947298
"234",104.264408141121,85.8004237105391
"235",102.806571234998,85.7870118378569
"236",105.263848141883,86.7754167101836
"237",105.853868148231,87.3332939612514
"238",105.574447392421,87.4855562735367
"239",105.315298795835,88.1394660917613
"240",108.165882488457,89.3897200020963
"241",108.472030292838,89.966881519496
"242",108.098307548926,88.6285216351029
"243",106.921918748059,87.9173751005031
"244",106.627333582626,87.833007448139
"245",105.02806041724,87.2187654320226
"246",101.35487850852,86.4792540612438
"247",100.18726004066,85.2653523303825
"248",100.397558893303,85.1087742713207
"249",102.443701269034,84.7291020236362
"250",99.1848257247856,83.0107787311011
"251",103.509098221695,85.3285235881287
"252",101.827000081988,85.9275093723734
"253",102.07872027466,85.6466905844401
"254",105.807395049904,87.8726394024906
"255",105.43046980652,89.3574724274108
"256",107.736261018844,88.9615514302177
"257",107.892799695506,88.8981607428793
"258",106.890076480916,89.0466625741584
"259",107.587325154454,89.2307436150188
"260",105.960878407284,88.5275537078021
"261",103.780863453593,86.9295323973381
"262",104.336435798417,86.0898346195528
"263",103.418260002037,85.274594074789
"264",104.051613319323,85.1979832922707
"265",101.020114683156,84.6614980291638
"266",100.574735262897,84.3787913530574
"267",99.6195310484736,83.131315479164
"268",102.680324888377,84.2359507850631
"269",102.904170890139,84.9173638312178
"270",100.850399845751,83.8845505706595
"271",100.681484423113,83.0973119381705
"272",97.3935890161674,80.0541725136128
"273",95.1708885820608,79.1027425192301
"274",94.2638027717021,78.3617884806279
"275",96.0056602904106,79.8400337212322
"276",99.5661805855653,82.5557772780543
"277",99.2329282389458,83.7359472973338
"278",101.965730816915,84.4871292993843
"279",101.78566112662,84.0842553280265
"280",98.8800034083016,82.2601316554414
"281",97.1710809131212,81.6117873308911
"282",97.0972827944157,79.7193145618114
"283",96.4054728143439,80.2115635355479
"284",95.0495117187153,79.8708932247434
"285",97.6474287556812,79.872190434438
"286",94.3968970977652,78.92531565057
"287",92.3411531145777,76.9329171573071
"288",92.767508853545,79.1883459155146
"289",93.5625101652392,79.3668878631214
"290",93.5524464267437,78.7001325133603
"291",95.7849502914993,79.6764209937721
"292",93.8053508961386,80.7936639533828
"293",95.5255359276702,79.5823825878987
"294",94.775380938995,78.53975206729
"295",93.8607933868795,78.6608674846719
"296",97.3655655106853,80.3813351763601
"297",97.3242564170018,81.2530488354294
"298",98.0131051625446,82.4281515208767
"299",99.8562110622249,81.9109908909782
"300",95.7722164712188,80.2010869980401
"301",97.6539090412441,81.2830313469799
"302",97.5901027671558,81.8578696564884
"303",98.008509405673,81.9375989221034
"304",99.7773171795599,82.5230420275149
"305",100.065678985163,83.0729576865454
"306",98.973805515422,82.1484780794016
"307",100.240822428649,82.6316950785566
"308",99.7147410808302,83.7579537515107
"309",101.482556729621,84.0637267761898
"310",102.910246823318,86.6439285497023
"311",106.478018518128,87.8823483404901
"312",105.801276694249,88.0197220874953
"313",102.559213158487,86.325156580699
"314",102.85192059377,84.7660569830279
"315",102.302101191309,85.2181301994372
"316",102.797269225363,85.1669753116108
"317",101.264748640955,85.4952943765964
"318",104.696666154244,86.7347552858731
"319",103.391670968028,85.5146860388412
"320",103.276219874237,85.8432231806504
"321",103.367713199249,86.9221192049716
"322",104.90396867982,86.6265183891868
"323",103.133733691743,87.7432863171625
"324",103.455872370101,85.628718601443
"325",102.962574030295,85.0809820197869
"326",105.078880988765,86.2365654651572
"327",103.584598041598,85.5615105607659
"328",100.819450649207,86.0001940344715
"329",104.519419032204,87.3857391225726
"330",100.609379855969,85.6233243204815
"331",104.418289841336,86.0561666367563
"332",101.325796844169,83.979883415383
"333",98.5212562597326,82.0720248334663
"334",96.4112322652947,81.4036685683828
"335",96.2364785318574,80.5491231990329
"336",96.0430989096904,80.286382173962
"337",96.8985163042656,79.7985410470225
"338",97.6619397131262,80.70147046564
"339",96.3314096313216,81.1620542969322
"340",98.6333500895313,82.0388034203153
"341",96.9093348611677,81.1474466249098
"342",99.0452953265138,81.6759069802852
"343",98.6130998920133,82.4108558966018
"344",98.9273075804465,82.2310931800899
"345",100.271497133251,83.5831193789273
"346",98.0894027060015,83.5468882063728
"347",101.961510874651,84.3078433998878
"348",100.285489398714,83.7029616434291
"349",101.092864685484,84.3099583863606
"350",101.690515653647,83.8669420231827
"351",101.792312042494,84.0945068521552
"352",99.1774326250993,82.9334711748334
"353",103.177952162401,84.3597549696617
"354",99.6690149231617,83.2467104438692
"355",101.137754681739,84.1214482229405
"356",104.30141231431,85.762881144548
"357",103.102214019577,86.5881240987214
"358",103.474678871454,86.0659797245262
"359",101.883334690483,85.9807260778991
"360",102.732774846703,85.2987377499724
"361",102.609943554567,84.9805580138232
"362",102.216685235865,83.8753005127699
"363",99.774326654235,83.7432698812484
"364",98.5269741338109,82.9447666837563
"365",99.5124120614014,82.1699198627541
"366",101.096875017814,84.0752340336688
"367",100.202082363185,84.5024145997864
"368",100.692601305513,85.0138499973344
"369",102.556682275307,84.5513566647777
"370",98.9684723926824,82.8053839672572
"371",97.5194196578155,82.252430104738
"372",100.37318162259,82.2200464593036
"373",98.1893878516926,81.4129137289299
"374",98.4466185431984,80.7301371500769
"375",96.928398325848,81.9004304166156
"376",99.7972665000595,82.1088097644828
"377",99.1599828123759,82.096237597079
"378",102.310480153012,85.1441765391446
"379",100.229999218992,83.8447094858855
"380",102.577759885623,83.8401071423363
"381",99.415338955729,82.6996216611268
"382",99.0397876614383,82.3906053714743
"383",98.7965820041346,81.8549270511728
"384",98.0616371841342,82.9001000858874
"385",98.7791076006001,83.1356702208672
"386",98.2227651927887,83.1278109401547
"387",99.2766916023334,82.7117750954424
"388",98.4248261657689,81.29241868813
"389",96.1420728999685,80.7634753103911
"390",95.6461759223061,80.3538867076681
"391",98.6256076981561,81.7885355748064
"392",96.5785733046768,81.3215561143903
"393",98.1633621759198,81.5442828088327
"394",101.32134309372,84.0354792674078
"395",99.8861597117407,83.3586882891405
"396",98.7804450654575,82.7809143160055
"397",102.028900306004,83.1892435428432
"398",101.480265893898,84.3132399262165
"399",99.0938486047607,83.0845731989709
"400",101.437711740492,84.5345984310049
"401",102.592907950519,85.7492199499078
"402",105.055998251622,87.4864939396894
"403",104.925415364821,87.929624942379
"404",103.819026931214,87.7385717261731
"405",106.76780415247,88.6748482197513
"406",106.305494789209,87.3162689147193
"407",105.525610339351,85.8193488894788
"408",104.298622460861,85.9186660127482
"409",104.472303750194,87.0898416342942
"410",105.223346319021,87.0120436357437
"411",102.35608451198,86.0192705581852
"412",102.365782496366,85.291679189184
"413",104.101220557806,86.4721690858237
"414",103.144640107255,86.7895117714385
"415",105.280475164152,88.0631660369167
"416",104.96774126491,87.161039811586
"417",102.894800161381,86.2217071560237
"418",103.833616552599,85.906706108979
"419",106.563562326972,87.7657476782459
"420",105.453602451653,87.717612982007
"421",104.392890702061,87.1910161825905
"422",102.075664898622,86.2619054554175
"423",104.863486758159,87.3535116179043
"424",102.385729252899,86.741592120834
"425",102.752920139354,86.5040563114643
"426",103.207616723607,86.0010784083817
"427",102.183695081808,85.65152867231
"428",102.158786433668,85.6951768101858
"429",103.32477517203,86.6083803301148
"430",102.930441389506,85.5891779324351
"431",103.219792264303,86.632607230942
"432",104.058516111875,86.1801332755171
"433",102.803439436768,86.8107003496523
"434",107.615932090225,89.1320113283676
"435",106.584039214235,88.8900231231025
"436",106.309778142707,89.6474940484644
"437",108.473171254171,91.2419413802098
"438",111.158976813886,91.5323078447393
"439",107.049062332878,89.8158082597617
"440",106.300686244706,90.2470062803873
"441",105.588913231295,88.9718871425519
"442",108.714025065794,89.3876873239638
"443",106.360298743844,88.8615729827835
"444",106.058891102865,88.424016952334
"445",104.189858587638,86.929595094571
"446",102.940945141567,85.9669511404247
"447",103.094781035877,86.0804665225943
"448",102.533450603534,85.1341601573222
"449",104.4060110353,87.2613273647419
"450",103.071622465516,86.093133895723
"451",105.934107219374,88.413274655196
"452",105.602355113502,88.8785352459512
"453",107.198423364778,89.1715863965557
"454",108.909991760133,89.9076136251305
"455",107.842858286088,91.0412203708068
"456",109.03990340286,91.3905875409169
"457",107.429122328152,89.4096509280749
"458",110.237770454767,91.1025681298357
"459",107.616094234492,90.4054073186051
"460",106.285606804631,89.8573213254225
"461",109.169490448875,90.9351734367124
"462",107.172151620872,89.6690386228877
"463",108.370171725374,91.0472133910993
"464",111.808355015584,91.4604457957384
"465",108.94953976873,90.7698288242629
"466",111.135204187938,91.2980291409392
"467",110.547980686512,91.3488808345465
"468",110.973464495902,92.5512393298131
"469",110.206051503296,92.3830679418137
"470",107.793255975568,90.953749232017
"471",110.219796806545,91.6042935099884
"472",109.37073914845,90.4082922968193
"473",112.337606579079,91.8947485717359
"474",111.352435158042,90.7697449302765
"475",108.803884105621,89.3347529305647
"476",103.083919366727,87.106289667829
"477",104.018365694828,87.0169761405676
"478",106.055304157954,88.6052455961084
"479",111.785273702009,90.6915850938521
"480",111.337336283815,93.349300067323
"481",113.545085308114,94.7090421224096
"482",112.392220969596,94.7913942914705
"483",113.53022078957,94.4997394912991
"484",113.803943188831,93.6593667332353
"485",112.769586893609,94.6452360654649
"486",113.528828069049,94.9023899906835
"487",113.946783583972,95.5597061038744
"488",113.895325106301,94.2478054422664
"489",113.616342836018,94.6289606790538
"490",113.746679991403,94.4388870048247
"491",115.595198452503,94.7130488924796
"492",114.212767524018,94.962734826369
"493",114.187445265851,94.9367166213732
"494",116.147459549048,95.0471946384351
"495",113.052959742968,94.5834599378223
"496",112.21310538259,93.597905844804
"497",114.137428512858,95.4852137491034
"498",115.24296989328,95.6744362654137
"499",112.654370661547,94.3019993318825
"500",113.92158638081,94.330432443395
"501",114.627636968183,95.1499652151023
"502",113.493919417429,95.6826684387124
"503",114.96969391507,96.5741745414607
"504",114.718201455663,96.1999723265982
"505",114.710483938548,96.3178531711521
"506",113.408834189695,94.597295965825
"507",116.085447844338,95.346387221275
"508",112.45158577419,94.4653090944485
"509",112.896855562813,94.7974544227876
"510",113.242325219778,93.0941792710652
"511",109.40294401578,91.4433945997137
"512",108.396598434759,90.8766356363695
"513",108.886516421888,91.7397687818164
"514",109.339094996042,91.4715933757003
"515",109.078844364623,91.0842554035724
"516",108.766169758004,89.9701668837017
"517",108.797758962469,90.5651015996611
"518",107.868294496451,90.884407419474
"519",110.719674165406,91.0205100885285
"520",107.50278277559,90.5077556670524
"521",111.177471380947,91.2072972906751
"522",106.531783357836,90.0852965427756
"523",107.28532817811,88.627410948369
"524",104.807950950238,87.176359252397
"525",104.588219923714,86.2446005617575
"526",105.632836855222,87.954825818025
"527",105.859584832504,87.7077425523119
"528",104.694712640417,87.8526087634708
"529",106.390908493286,88.0878177111
"530",108.793010408946,89.511633853156
"531",107.386908618438,89.2642590158108
"532",106.8305149384,88.81681082837
"533",106.821274962961,89.0988378200747
"534",103.191687991608,86.243439659978
"535",101.654206980123,86.6651045420799
"536",104.681672379706,87.1916973402896
"537",102.358407875116,87.4356741505159
"538",100.234517802151,85.1127348422905
"539",103.187506683211,84.9360251260668
"540",105.147098929487,87.6028822934253
"541",107.673534025782,88.0972498910968
"542",107.004330286414,89.3065115568805
"543",105.567229544222,87.7064362798453
"544",104.595528451788,87.7197713324361
"545",105.795947934342,87.5264469290696
"546",104.303270318192,86.2143190943268
"547",104.677471048326,86.1509834074954
"548",100.68031054722,85.3026347825099
"549",101.358683996322,84.8137264818425
"550",98.5136026630485,83.172746202115
"551",97.6714819284838,82.2030817741349
"552",97.9788896277242,81.3451290522953
"553",99.2023609174237,83.0838031195219
"554",98.6357620677084,82.4015097833447
"555",98.1650132608195,81.7025914315972
"556",100.350971487408,82.4263097976246
"557",99.5071629638884,83.2064330307195
"558",97.9723275082749,82.3649814710755
"559",98.5331477922299,82.8379308081461
"560",97.7130783062693,80.8655293637992
"561",98.045102601761,81.2560142413905
"562",99.0702590319966,80.8938200835906
"563",95.0360637040739,79.8382921358613
"564",95.7436199104843,80.1082881730212
"565",96.6209697967899,79.6445371447204
"566",94.7999945700226,80.1713056956235
"567",94.5004386183064,79.1573770535393
"568",94.8582648847051,79.6870527949727
"569",97.3618506146995,80.6982395110488
"570",96.3413386548193,80.7557703241699
"571",96.0808859876247,80.3858092278563
"572",96.6165313558137,81.1169491423946
"573",97.3973530799789,81.2126106734016
"574",95.388389788846,80.3922876083407
"575",97.8378620714677,80.3941138507439
"576",98.3531882475827,80.695968387087
"577",97.1989424673296,81.3153520742995
"578",99.2686413562082,81.3450262629428
"579",100.878029444769,82.341102304582
"580",99.5247634509905,82.2662896383051
"581",97.0447865026543,81.5647691204908
"582",98.2550058363341,81.847481219552
"583",98.8322690218217,81.1996757361014
"584",97.6206044096276,81.0236452983219
"585",96.3845307692855,80.481462039399
"586",96.7575722492617,80.1591039320968
"587",99.2991208250169,82.2507757517211
"588",97.8055146516929,82.8869221904306
"589",100.376776337643,84.1257484355198
"590",104.558804526102,85.572508493438
"591",102.455906765923,85.8246280998674
"592",101.77999059108,85.2487054686672
"593",101.255494133174,84.4512215028278
"594",100.592807013001,83.707341543441
"595",98.629694370192,81.7243646157157
"596",95.8088651506917,81.3308157938379
"597",96.1176635236434,81.073646639448
"598",95.0341640917178,79.1163562394481
"599",93.1745933003854,78.8181680727828
"600",95.3850201542579,79.2153651932009
"601",95.8230709599663,79.7811015026868
"602",95.9450231269213,80.2352219697534
"603",96.0678003752319,79.9646259542561
"604",96.5325609303836,80.9312476141046
"605",95.6828352593608,79.9823450961329
"606",94.4025437461288,78.716131958549
"607",95.197167596049,80.0480668556885
"608",95.4550919940182,79.0779822601613
"609",94.4119733964164,78.9900808690566
"610",93.3682949821151,78.4207963496609
"611",94.8357086645903,78.9844076682072
"612",94.6424515846128,79.3907247483108
"613",96.8440727285953,80.5395380283996
"614",101.143569582438,82.8728697837019
"615",99.5533514282946,83.5422996595724
"616",99.8420291546697,83.5832369902247
"617",98.5561271475123,82.4047735726096
"618",100.041951081381,82.6040322101144
"619",101.958860173879,83.1795279805537
"620",100.433283698714,82.5419362112107
"621",98.6217783911838,81.7107187018732
"622",97.5665555439356,81.8911405944448
"623",99.8732160650633,81.3491674358348
"624",97.1954817564855,81.8559820480313
"625",97.1896588385756,80.9505537415039
"626",97.0170006853677,82.0946720968937
"627",98.3419157229784,81.9009405317796
"628",98.9681005178815,81.5299834594033
"629",95.0538254969523,79.7204314963366
"630",96.8904919965716,79.9543935081738
"631",99.4418820806446,81.9345407196475
"632",96.1054198036757,81.9421040173464
"633",99.0392378326053,81.8202092722385
"634",96.6534596107268,80.1681802140747
"635",95.7509675705089,80.3539333899435
"636",98.0547778070818,81.4702171424489
"637",98.608093571406,82.5667307177719
"638",99.5967176491924,82.7621737891079
"639",98.5988164758821,83.2861607429382
"640",99.9299345846553,82.2558807603611
"641",100.709393899941,83.898129112068
"642",100.436844308495,83.9867521218217
"643",102.305245702133,86.034863613258
"644",103.947755088363,88.1283176398522
"645",107.767750126512,87.6946515748571
"646",106.30368708039,88.3443708238855
"647",106.608155014299,88.4127818774657
"648",106.656735478334,88.8754073388256
"649",107.934634110121,89.8200096945204
"650",104.985621462791,88.6109991577572
"651",107.376021434218,89.5136853032042
"652",109.450379014721,90.4985767945455
"653",107.831247571291,90.2170486472292
"654",109.827771111937,91.6402157979643
"655",109.211598270202,91.3967487312867
"656",114.076581910451,93.074333822016
"657",112.758140356538,93.3881963392969
"658",109.979939384416,91.5657095629486
"659",112.182452351059,92.6994094219632
"660",111.894857028834,93.1661956846761
"661",110.792143106255,92.3388900886782
"662",110.018969545932,92.7671703759634
"663",108.805761601435,92.1307543501099
"664",110.146820069549,92.1377384881681
"665",109.617411244943,91.3482264873494
"666",109.491118167426,91.8664277135587
"667",110.03856168901,91.7271840786497
"668",111.36366794052,91.7000826358564
"669",111.089326523783,91.5551243326412
"670",111.51105510159,92.8836603250063
"671",111.355135398347,92.900186434387
"672",112.801629693162,93.1808506387521
"673",112.669043189861,93.9365911268258
"674",114.338732361296,94.9728826966296
"675",113.039005657397,94.4935309819806
"676",112.04365559785,93.7576664040678
"677",115.305522608926,94.7841700901271
"678",113.80910940864,94.8788617704872
"679",116.802680923536,96.472962152224
"680",111.922430189908,95.7720498263956
"681",113.114340233124,95.0074326995812
"682",113.743574059727,94.8660064558447
"683",113.643319551522,94.4521443969775
"684",114.004446290118,95.9577755211204
"685",113.938736845997,94.6221097983138
"686",112.220326521526,93.4866553516817
"687",114.998303797792,93.7879510092282
"688",112.400000547669,94.4223662805993
"689",111.886026768558,93.3801160901336
"690",111.961896178092,93.5165368107682
"691",113.901105109334,94.9285610716445
"692",113.712852721827,95.7257093783205
"693",112.510055804743,94.010346710435
"694",115.289717795648,96.1287879259836
"695",113.246590557929,95.3268839978608
"696",113.400056034981,95.5743747765284
"697",116.494669617528,96.1054500795596
"698",116.845556292908,96.6003647215783
"699",115.798199918642,96.9129293626609
"700",118.818368096972,98.6873713252535
"701",115.955519811065,97.9009842216893
"702",118.791999938375,98.7920559763128
"703",119.862810150424,99.6600425444481
"704",119.510813558604,99.910636257395
"705",119.836510926792,99.1990249607974
"706",119.960700960138,99.7850482398952
"707",123.416902188027,101.430610891657
"708",120.426500990895,101.378268477576
"709",123.152173272159,102.328515258218
"710",125.532576302772,103.470435783367
"711",123.277977924688,101.433334863925
"712",119.419064505778,100.611383190898
"713",121.032387834571,101.318192733156
"714",119.831465050802,100.917928002863
"715",118.272818834762,99.2185505586717
"716",120.675891955578,99.9588674558973
"717",118.854598930564,99.1750689185959
"718",119.406493336991,100.325935391795
"719",120.965513741816,99.5184255124314
"720",120.199417892523,99.233784088179
"721",118.004288814993,99.9293280490977
"722",120.01293598295,100.435943332492
"723",121.825845294004,100.040011853536
"724",119.659571874414,100.652626626912
"725",121.695697551758,100.418559520461
"726",120.842622980514,101.367560231504
"727",121.546978927002,101.360881167437
"728",122.095674546677,101.657402801487
"729",123.111720410941,101.505510480962
"730",120.026145452065,100.851920785275
"731",122.35107557434,100.882853668996
"732",122.87568696862,101.953972678584
"733",122.096213453037,101.669023492047
"734",124.463665467471,103.772621868253
"735",123.430387038119,103.379919447179
"736",124.985925020261,104.122007379756
"737",125.300431216225,103.904387827369
"738",125.420846437431,105.25144348265
"739",126.734390235812,105.025736780152
"740",124.628588756,104.652898754561
"741",124.799983310778,103.941000424192
"742",123.9649928275,103.304577010964
"743",127.540489035956,105.553968618838
"744",128.383844578078,105.990731579642
"745",125.805335749549,104.762292910615
"746",125.875584393646,103.523822574336
"747",122.76528605684,102.454714705129
"748",120.628520609439,100.586486980216
"749",117.991320488974,98.7483090806963
"750",119.257039063136,99.5147583298574
"751",119.32421065186,100.261495303472
"752",119.441714683224,101.167583354773
"753",122.322634874533,101.299306609909
"754",121.830832511579,101.044096407649
"755",122.077852173666,101.835686467207
"756",123.79187632671,102.605505575699
"757",121.819305681615,102.312899106026
"758",124.447327578473,103.294280244306
"759",122.671822087608,103.435865190356
"760",124.599827215027,103.593530355773
"761",125.150497142707,104.983464199516
"762",127.073393787762,105.564568403273
"763",128.432216915018,107.724062234616
"764",130.205934934138,107.855981646522
"765",128.240667220387,106.556148629339
"766",124.036735087634,104.365431872697
"767",124.671131842804,104.046432681021
"768",123.298069870194,102.945912080405
"769",123.584349071934,103.159769389025
"770",124.101186865915,102.265352364617
"771",123.679464965787,103.00964441037
"772",123.143637166745,103.020764309748
"773",125.149273617646,104.103174980338
"774",127.919317445641,104.869658480968
"775",124.791597951427,104.445429758198
"776",127.144170785536,105.691835425963
"777",129.901030733005,106.250483793193
"778",128.106997905159,107.236399555031
"779",127.321759080142,106.370402815475
"780",125.075223517518,105.967162243832
"781",129.663487094605,106.486294131106
"782",127.758866607946,105.914125445101
"783",125.903240315537,106.202997032138
"784",125.896713240212,107.070277944923
"785",126.512445527501,106.098499193713
"786",127.140411006047,104.929997653323
"787",124.767674563953,103.959615665804
"788",123.006818660439,103.169422257739
"789",122.207051700667,101.052042692465
"790",120.799043840268,99.7746451201955
"791",117.083661872181,97.4562843187209
"792",116.14258629134,97.6091997547033
"793",121.04665012049,99.5633402606943
"794",118.261082887459,99.1801587417448
"795",120.394914846051,100.46148666604
"796",121.257742063433,102.102088068818
"797",124.008269244454,102.77956725914
"798",123.065270262778,102.820761515398
"799",124.238497210838,103.560850104156
"800",125.825890198978,104.385563855021
"801",126.233790879161,104.778538682796
"802",126.304134405286,104.969285423301
"803",124.202050590703,105.114383575373
"804",126.900620911355,105.709345601392
"805",124.892769955896,104.775285362267
"806",124.033432871261,104.466503409574
"807",122.64805246245,103.695330211567
"808",122.608982362427,101.954399134738
"809",121.821243401542,102.208912707328
"810",120.056974785047,101.265507966146
"811",125.156283573135,102.893577828197
"812",121.635470352083,102.649828866452
"813",122.221821306252,102.01059035976
"814",124.179403021855,102.635992769718
"815",122.855226866842,101.923417220665
"816",122.788089157721,101.694112625017
"817",119.503265143576,99.9358911168023
"818",121.288094295115,99.5644268609055
"819",120.652152174284,100.635795441777
"820",123.148227335934,102.323309905016
"821",122.258360012756,101.970557910272
"822",122.601114380269,102.744854240469
"823",124.791846057458,103.11274807619
"824",125.240023148735,103.730330148529
"825",123.906525188471,105.114199591773
"826",127.310546735225,105.764792896969
"827",125.236903343549,105.000566822682
"828",125.287613408902,104.539822583137
"829",127.266274577049,104.900477481348
"830",126.566642328983,105.390167895508
"831",125.419146092563,103.987824847715
"832",122.439020324212,102.490635152709
"833",123.537485761307,102.422720461967
"834",123.67567567806,103.460380412613
"835",124.807044454043,103.794103140867
"836",123.603897400646,102.520453948935
"837",121.516833368278,101.763051598867
"838",119.17189192382,99.7038936752677
"839",117.751835241562,98.3491121856315
"840",118.189496277457,98.5670815345189
"841",119.486578120378,99.1439881026792
"842",120.048906744688,100.223512767088
"843",117.347807052072,97.9819601016861
"844",117.657619848342,98.1838917209758
"845",115.187170532212,97.5044486939212
"846",118.309421505032,97.8785283763867
"847",117.007580825468,98.1570511918482
"848",116.721419236655,97.8869486769039
"849",116.424625632771,97.1225046533645
"850",116.599719458307,96.6549504742417
"851",111.566320354811,94.3628615436658
"852",113.062015912957,94.4637550198474
"853",110.607508730703,92.2758386066337
"854",112.197347505143,94.6667714293868
"855",111.479169220888,94.7404776756983
"856",113.459271035149,94.5671868710879
"857",110.160140612351,92.3286151531668
"858",110.159178415232,91.0032946341482
"859",106.354439283183,89.3462967284902
"860",107.168881638859,87.1459039203412
"861",106.726469591697,88.5514453513922
"862",107.25929113018,88.4402344253186
"863",106.937393987463,88.7525323059702
"864",108.970338654105,89.7092848484341
"865",108.247501296092,90.4343423381521
"866",106.640497330498,89.1625464483679
"867",107.480649378756,89.826611648703
"868",108.378315564241,90.4786455368203
"869",109.591075780856,91.5297579706447
"870",109.339987617265,90.8902533157755
"871",109.250459747961,91.5377658124607
"872",106.136190220199,89.3081185376551
"873",104.495528694332,87.4066328520528
"874",106.191864923621,87.8260163950986
"875",103.225826227613,86.1514721149626
"876",101.801081002355,85.3258694499307
"877",102.283629325042,85.1707716316794
"878",103.679443411274,86.0303619494012
"879",102.672926834574,85.0718308201087
"880",103.435099449724,86.5072788354603
"881",104.876405682622,87.2360301866048
"882",104.273697733188,86.297380806453
"883",104.311355620029,87.1536336210458
"884",105.708012990507,86.8789628545009
"885",106.407249764955,88.2215318745647
"886",104.586976251696,87.2131264266927
"887",105.414927227499,88.0902868595144
"888",106.286268388305,89.2614251241785
"889",102.552665151581,86.9878183037196
"890",104.27636200014,87.1159274142984
"891",104.509168781122,88.4646456498772
"892",104.400900449803,86.7099564355421
"893",103.972295763374,86.7395286600551
"894",105.914836287956,87.8347190013195
"895",107.060943150379,88.2144725723536
"896",106.957741421828,88.7506548631794
"897",104.30724655149,88.3287378251752
"898",106.567078238163,88.2192290253762
"899",108.589229548799,89.4819022187651
"900",106.489535816624,88.8791895007664
"901",106.935366929523,88.8644152203372
"902",107.033325189393,89.1995174218949
"903",106.99537557019,90.0274325283004
"904",109.979648118498,90.2192117284488
"905",109.168227407669,91.482230915729
"906",110.727828050426,92.0977358227796
"907",111.931936577215,92.3881734865256
"908",110.033025369501,92.0868428907884
"909",110.346246454263,92.0796079137575
"910",112.801476964716,93.5754605988406
"911",112.91768038474,93.5630607939748
"912",113.722001142312,94.7505305666177
"913",112.283838681074,94.0582982349454
"914",113.684909742571,95.2124328239116
"915",115.358780513601,95.5937953363036
"916",116.524822818228,96.9004143184382
"917",112.859963200937,94.6136326694064
"918",112.676939635163,94.2686368555781
"919",113.975904432052,94.262126020193
"920",112.169835207676,92.8892802465097
"921",110.166245296313,92.5481891781428
"922",110.370787882272,93.1503452818455
"923",111.247776081819,93.5013473018426
"924",111.040210252879,91.8448648531878
"925",112.292786928138,92.9018764373074
"926",110.245586020339,91.876386667872
"927",107.764434447656,90.7234413690946
"928",107.796254113845,91.1754720413953
"929",106.610945014272,88.5550392471356
"930",105.58241662656,87.2614121218222
"931",105.566584577671,87.8723748447469
"932",103.427812616732,88.0674429577965
"933",105.745537290905,88.2328708103936
"934",106.793262443621,87.7474094563461
"935",105.483709367887,88.1819135955781
"936",105.667160598032,88.6434719934681
"937",107.683099663278,88.8615430387824
"938",107.083135498857,89.1707163968987
"939",104.455726209403,87.031838881229
"940",105.217006202738,87.5152657386112
"941",106.652497755183,87.9844457038233
"942",105.414239311227,87.8800749832402
"943",106.254857250524,88.6621578264041
"944",106.837140206628,88.1873380695908
"945",105.138625025546,88.367137751333
"946",106.166635099433,88.2166725394896
"947",108.032097204327,89.0378849091923
"948",107.186536015872,89.7014928126555
"949",108.201164330326,91.0916505060287
"950",109.175680555787,91.3702658952999
"951",108.435613184321,90.3919837156122
"952",109.021447108048,89.7370148176122
"953",105.511395537861,87.1735244288893
"954",101.544977918692,85.7769178296737
"955",103.872973933117,87.3981726055928
"956",105.101486408108,87.9525936165289
"957",103.957385226534,86.5578647854124
"958",103.136676627984,86.6630500452076
"959",105.275345499487,86.7012006896234
"960",103.254638833054,86.0190310882595
"961",102.500859452068,86.5721072109785
"962",104.254033321785,85.7254539748636
"963",107.248120374137,87.8110710372324
"964",103.200087135807,87.525109023437
"965",105.500137286811,87.6196217728598
"966",105.6709716468,87.8203245564692
"967",106.21552328027,87.009418649681
"968",102.040103531106,85.6240648672112
"969",101.007396061695,84.3457004712735
"970",101.991638270338,84.8043894519199
"971",101.351414315562,84.7996835670849
"972",101.46587206779,84.089519498671
"973",102.31394293054,84.3838890477867
"974",99.8946529778211,83.3182429110232
"975",99.5511082283204,82.2164160910901
"976",97.2461847552475,81.2070155667588
"977",98.6090855484475,80.5736823943485
"978",95.1994027476331,80.5964680506591
"979",96.6251497262533,79.9787423783178
"980",94.5300217883345,79.6205971200214
"981",98.0246397451379,81.118251418042
"982",97.2446625875966,81.6451557695699
"983",95.9354039766319,79.9519456804582
"984",95.0757562967825,79.2967811908876
"985",95.4595182199037,80.7241892260583
"986",97.0738272464963,79.7738460902736
"987",95.163739219055,79.1737937221611
"988",95.7779986935472,80.5490428688611
"989",92.9837567516042,78.9952392727337
"990",93.6052380330792,78.9165920525225
"991",94.1908978561616,78.7357076303277
"992",92.0167243457903,77.2306885647519
"993",93.1853485501093,76.8621714398782
"994",93.4394328459747,77.1025010092318
"995",93.5643096808015,77.7043910491167
"996",92.6213170941941,77.1590689652304
"997",94.1658845394952,78.1209349678059
"998",92.5558639969985,78.2603114668285
"999",94.5469180056303,78.9626111364786
"1000",95.392025300997,78.9619159632443
"1001",96.4929552824957,79.5711912178849
"1002",96.6832339129456,78.3816268331345
"1003",90.5577209454779,77.0778274852114
"1004",92.4792908437675,78.0527293778795
"1005",92.5733524350627,78.9346810338971
"1006",95.4198742562936,80.0165366591865
"1007",96.2764316889105,79.6859361596705
"1008",95.7512924947259,79.575484667992
"1009",95.4328619771467,80.3594950910981
"1010",99.2391876260591,79.8852298619655
"1011",97.622026944481,81.0187044796593
"1012",101.336039134077,82.4966484968326
"1013",101.782140195228,83.1487449721703
"1014",104.089655767774,84.9822764695103
"1015",100.745145197199,84.6770122959745
"1016",102.675690060004,86.1301998119237
"1017",101.931955261499,84.2428181531836
"1018",100.945287517724,84.5081907366153
"1019",102.912191854868,84.4677217026827
"1020",98.4964411021304,82.9339744566233
"1021",100.001554818016,83.0144360803435
"1022",101.178447959722,83.709891417734
"1023",97.2578485560819,83.9236258163242
"1024",100.706531126359,84.1739765518904
"1025",97.7490294632176,82.7983026781632
"1026",99.0414824517956,83.1333176531693
"1027",100.541043193938,84.0052571878204
"1028",99.6294218054731,83.7206778032241
"1029",96.5073734749194,80.7391741680899
"1030",97.2806039142633,80.8812363407435
"1031",96.912253859814,78.5386735269403
"1032",92.9222645356794,77.7518069302103
"1033",92.1783829406451,76.9185803235861
"1034",93.0840725876992,78.0737843693142
"1035",94.7165716437208,78.8015382563313
"1036",95.5950822465473,79.6563887624849
"1037",96.4587438417919,79.3267620966161
"1038",95.2032321745497,79.5402126056366
"1039",95.9956853670649,79.9280452512973
"1040",94.6745426417051,78.8419178256089
"1041",95.7700189901859,79.7853224251251
"1042",96.875508656592,79.5595449296219
"1043",95.7575955443529,80.1471576655621
"1044",98.4087535304899,80.6797599429918
"1045",94.9587965194525,80.0313955632411
"1046",96.7978150920282,79.6697609251287
"1047",93.8657671708851,78.8903632297498
"1048",95.339086077569,78.2943928481348
"1049",93.621684176229,76.6219350844282
"1050",91.7794540597306,77.4377203139002
"1051",92.2869936367728,77.252286431758
"1052",90.0581776118742,75.6783045666182
"1053",93.8600955206362,77.3071892229126
"1054",90.318608475167,76.5375489745099
"1055",93.1198530394161,77.8875074940204
"1056",95.4852063354951,79.1939381183028
"1057",95.8381308093179,78.9507638374487
"1058",93.5332875021671,79.3670812641821
"1059",92.7362120917913,78.1912226181956
"1060",94.7577383549201,78.7478390237347
"1061",97.4583513719515,80.294093577297
"1062",97.6956460022273,81.1892298157533
"1063",98.3295663701633,80.637158049878
"1064",95.7359608180155,79.5246036585272
"1065",95.8748763326504,79.788557631905
"1066",96.0742209012094,78.909561568431
"1067",91.7509546388877,77.651722191794
"1068",93.7635632925249,77.0601423579112
"1069",88.2072272822027,74.5492020927837
"1070",88.5242854202206,75.3831759407533
"1071",91.8721816551525,75.7926360666946
"1072",91.8168153054276,77.0151267294802
"1073",90.9183430762789,75.1582727415209
"1074",91.2442741196701,75.1759052273515
"1075",91.3442449263456,75.6017027308883
"1076",89.9906231699637,75.5814940743323
"1077",90.5651931209743,75.0865493902498
"1078",90.9158824366934,76.6102217634729
"1079",93.475980865723,77.9249656786351
"1080",93.5891970233225,78.9930983550156
"1081",94.8004068519363,79.2937590969343
"1082",93.7300242245213,78.2781833561164
"1083",93.8126667283767,78.1362202675359
"1084",93.4863617033928,78.3493134326537
"1085",91.1688254650032,77.6657166443161
"1086",90.8897464582643,76.2714002938825
"1087",88.5740742806084,74.5933973896482
"1088",90.3947116695434,75.2912347510796
"1089",88.4117038132921,75.4265716547643
"1090",90.7085815182287,75.0732436677532
"1091",92.600112711994,74.9974579873997
"1092",92.2227239281183,75.8965717332375
"1093",91.9666492552599,76.2459272144585
"1094",90.827748874787,75.5238237293129
"1095",90.3795226940947,73.8023798580404
